Date,Strategy_Return,Stocks,Transaction_Cost,Net_Return,Equity
2021-03-26,0.01414831509306481,14,0.0002,0.013948315093064809,1.0139483150930648
2021-04-29,0.004816452782939499,14,0.0002,0.0046164527829395,1.018629159614033
2021-05-28,0.004137404395456128,14,0.0002,0.003937404395456128,1.0226399145444371
2021-06-25,0.005210869382374328,14,0.0002,0.005010869382374329,1.0277642295814218
2021-07-26,0.002243478762866401,14,0.0002,0.0020434787628664007,1.0298644439578053
2021-08-24,-0.005639657637897029,14,0.0002,-0.0058396576378970284,1.0238503881916485
2021-09-22,0.012932325477846235,14,0.0002,0.012732325477846234,1.0368863845747238
2021-10-21,-0.010764884908108785,14,0.0002,-0.010964884908108785,1.025517044705077
2021-11-22,-0.018226795022734363,14,0.0002,-0.018426795022734362,1.0066200523299762
2021-12-20,0.015693510206763288,14,0.0002,0.015493510206763287,1.0222161303850832
2022-01-17,-0.00698865881045,14,0.0002,-0.007188658810449999,1.0148677673932065
2022-02-15,-0.0007005207313048987,14,0.0002,-0.0009005207313048987,1.0139538579291358
2022-03-16,-0.004475784040158873,14,0.0002,-0.004675784040158872,1.0092128286627733
2022-04-18,0.00801679874314658,14,0.0002,0.007816798743146579,1.0171016422334318
2022-05-17,-0.0036957568245820564,14,0.0002,-0.0038957568245820565,1.0131392615694073
2022-06-14,-0.003004169496673786,14,0.0002,-0.003204169496673786,1.009892991651604
2022-07-12,0.01250767477131,14,0.0002,0.01230767477131,1.0223224261466772
2022-08-10,0.009856154207736193,14,0.0002,0.009656154207736193,1.0321941291435766
2022-09-09,0.01002111346471873,14,0.0002,0.00982111346471873,1.0423314248035123
2022-10-10,0.004725787330778608,14,0.0002,0.004525787330778608,1.0470487951603604
2022-11-09,0.007113115674241495,14,0.0002,0.006913115674241495,1.054287164597879
2022-12-07,0.0027896590660343645,14,0.0002,0.0025896590660343644,1.0570174089118836
2023-01-04,0.006809105071690829,14,0.0002,0.006609105071690829,1.0640033480299884
2023-02-02,0.006103162843283058,14,0.0002,0.005903162843283058,1.0702843330592078
2023-03-02,0.0075985896823866925,14,0.0002,0.007398589682386693,1.0782029276829999
2023-04-03,0.01839388179328378,14,0.0002,0.01819388179328378,1.0978196242984368
2023-05-05,0.017715987696631966,14,0.0002,0.017515987696631968,1.1170490193307694
2023-06-02,-0.004746646816560935,14,0.0002,-0.004946646816560935,1.1115233723553544
2023-07-03,0.008026266686457856,14,0.0002,0.007826266686457856,1.1202224506956384
2023-07-31,-0.0017920076732843536,14,0.0002,-0.0019920076732843537,1.1179909589780672
2023-08-29,0.008990655904379892,14,0.0002,0.008790655904379892,1.1278188328026513
2023-09-27,0.01566333116249067,14,0.0002,0.015463331162490669,1.1452586689055724
2023-10-27,0.008144003819780175,14,0.0002,0.007944003819780174,1.1543566081459946
2023-11-28,0.042419020733653674,14,0.0002,0.042219020733653675,1.2030924137193406
2023-12-27,0.001141668681930164,14,0.0002,0.000941668681930164,1.2042253281668078
2024-01-25,0.012917128313536358,14,0.0002,0.012717128313536358,1.2195396161835155
2024-02-23,0.008105784010263706,14,0.0002,0.007905784010263706,1.2291810329810222
2024-03-26,0.0016560941214360284,14,0.0002,0.0014560941214360283,1.2309708362573266
2024-04-26,0.008953344257044778,14,0.0002,0.008753344257044778,1.2417459477574695
2024-05-28,-0.017093111738127005,14,0.0002,-0.017293111738127004,1.2202722963325332
2024-06-26,0.003963388878995422,14,0.0002,0.0037633888789954215,1.2248646555218972
2024-07-25,0.009727393549162036,14,0.0002,0.009527393549162036,1.236534423139513
2024-08-23,0.01509289674331408,14,0.0002,0.01489289674331408,1.2549500026228833
2024-09-20,0.011562959906597886,14,0.0002,0.011362959906597886,1.269209949187472
2024-10-21,0.008247072752954278,14,0.0002,0.008047072752954278,1.2794233739873568
2024-11-19,0.012173576618875715,14,0.0002,0.011973576618875714,1.294742647783775
2024-12-18,-0.010184743336098543,14,0.0002,-0.010384743336098543,1.2812970777002397
2025-01-16,-0.0013781704187701223,14,0.0002,-0.0015781704187701224,1.2792749725545565
2025-02-12,-0.00574987535032965,14,0.0002,-0.005949875350329649,1.2716634459290606
2025-03-13,0.02824246502673814,14,0.0002,0.028042465026738142,1.3073240236373076
2025-04-16,0.02390249281943149,14,0.0002,0.02370249281943149,1.3383108619202413
2025-05-16,-0.0024880827467434505,14,0.0002,-0.0026880827467434506,1.3347133715825341
2025-06-13,0.002139169622283279,14,0.0002,0.0019391696222832789,1.3373016072071622
2025-07-11,-0.0019312284031867638,14,0.0002,-0.0021312284031867637,1.334451512038255
2025-08-08,0.010709872326044964,14,0.0002,0.010509872326044964,1.3484764270550749
2025-09-09,0.022672275533057593,14,0.0002,0.022472275533057594,1.3787797608736894
2025-10-08,0.004254118876037265,14,0.0002,0.004054118876037265,1.3843694979281456
2025-11-07,0.014463488326522386,14,0.0002,0.014263488326522385,1.4041154361014374
2025-12-05,-0.002916532477912386,14,0.0002,-0.0031165324779123863,1.399739464742089
