Ticker,Date,UP_Probability,DOWN_Probability,Prediction,Technical_Score,Technical_Direction,Technical_Reasons,Volatility_20d,Max_Drawdown,Risk_Level,News_Sentiment,News_Count,News_Direction,Market_Regime,Technical_Signal,Prediction_Signal,News_Signal,Regime_Adjustment,Risk_Adjustment,Research_Score,Final_Direction
ITC,2025-12-31,0.57475436,0.42524564,UP,1,UP,MACD is above signal line; Price is below 50-day SMA; 10-day momentum is positive,0.0052119377225978,-0.3946556580788564,LOW,,,,BEAR,1,0.14950872000000004,0.0,-0.1,0.0,0.194852616,NEUTRAL
SBIN,2025-12-31,0.5117019,0.48829812,UP,1,UP,MACD is below signal line; Price is above 50-day SMA; 10-day momentum is positive,0.0093858078097745,-0.5554081593555493,LOW,,,,BEAR,1,0.023403800000000086,0.0,-0.1,0.0,0.15702114000000003,NEUTRAL
RELIANCE,2025-12-31,0.4899458,0.51005423,DOWN,1,UP,MACD is below signal line; Price is above 50-day SMA; 10-day momentum is positive,0.0075230967915797,-0.440828589494975,LOW,,,,BEAR,1,-0.020108400000000026,0.0,-0.1,0.0,0.14396747999999998,NEUTRAL
MARUTI,2025-12-31,0.31874838,0.68125165,DOWN,3,UP,MACD is above signal line; Price is above 50-day SMA; 10-day momentum is positive,0.0089299360301444,-0.4665664844327418,LOW,,,,BEAR,1,-0.36250324,0.0,-0.1,0.0,0.04124902799999999,NEUTRAL
LT,2025-12-31,0.46431145,0.5356885,DOWN,1,UP,MACD is below signal line; Price is above 50-day SMA; 10-day momentum is positive,0.0074201310808766,-0.4833600571882774,LOW,,,,BEAR,1,-0.07137709999999997,0.0,-0.1,0.0,0.12858687,NEUTRAL
KOTAKBANK,2025-12-31,0.5639371,0.43606287,UP,3,UP,MACD is above signal line; Price is above 50-day SMA; 10-day momentum is positive,0.0085357312038099,-0.3595836875017183,LOW,,,,BEAR,1,0.12787419999999994,0.0,-0.1,0.0,0.18836225999999998,NEUTRAL
INFY,2025-12-31,0.51727957,0.48272043,UP,1,UP,MACD is below signal line; Price is above 50-day SMA; 10-day momentum is positive,0.0112344894447308,-0.3692188582551882,LOW,,,,BEAR,1,0.034559140000000044,0.0,-0.1,0.0,0.160367742,NEUTRAL
ICICIBANK,2025-12-31,0.6658872,0.33411282,UP,-3,DOWN,MACD is below signal line; Price is below 50-day SMA; 10-day momentum is negative,0.0061622266985492,-0.4829783245743678,LOW,,,,BEAR,-1,0.3317744,0.0,-0.1,0.0,-0.25046767999999997,DOWN
HINDUNILVR,2025-12-31,0.5248845,0.47511548,UP,1,UP,MACD is above signal line; Price is below 50-day SMA; 10-day momentum is positive,0.0137073026245377,-0.3088054952366774,LOW,,,,BEAR,1,0.04976899999999995,0.0,-0.1,0.0,0.16493069999999996,NEUTRAL
HDFCBANK,2025-12-31,0.64051604,0.35948396,UP,-3,DOWN,MACD is below signal line; Price is below 50-day SMA; 10-day momentum is negative,0.005963892380348,-0.4046529567995105,LOW,,,,BEAR,-1,0.2810320799999999,0.0,-0.1,0.0,-0.265690376,DOWN
BHARTIARTL,2025-12-31,0.62394655,0.37605345,UP,1,UP,MACD is below signal line; Price is above 50-day SMA; 10-day momentum is positive,0.0102404455068324,-0.3358383341448651,LOW,,,,BEAR,1,0.24789309999999998,0.0,-0.1,0.0,0.22436792999999997,UP
AXISBANK,2025-12-31,0.5758024,0.4241976,UP,1,UP,MACD is below signal line; Price is above 50-day SMA; 10-day momentum is positive,0.0135607222360351,-0.5995112107699251,LOW,,,,BEAR,1,0.1516048000000001,0.0,-0.1,0.0,0.19548144000000003,NEUTRAL
SUNPHARMA,2025-12-31,0.54543585,0.45456415,UP,-3,DOWN,MACD is below signal line; Price is below 50-day SMA; 10-day momentum is negative,0.0094425391678063,-0.2861856673048326,LOW,,,,BEAR,-1,0.09087170000000011,0.0,-0.1,0.0,-0.32273849,DOWN
TCS,2025-12-31,0.48141533,0.51858467,DOWN,1,UP,MACD is below signal line; Price is above 50-day SMA; 10-day momentum is positive,0.0093237909145589,-0.3657096014617074,LOW,,,,BEAR,1,-0.03716934000000005,0.0,-0.1,0.0,0.13884919799999998,NEUTRAL
